,id,Name,Certificate,Year of relase,Duration,IMDB Rating
0,1,The Shawshank Redemption,R,1994,2 hr 22 min,"9.3(3,221,305)"
1,2,The Godfather,R,1972,2 hr 55 min,"9.2(2,222,804)"
2,3,The Dark Knight,PG-13,2008,2 hr 32 min,"9.1(3,161,907)"
3,4,The Lord of the Rings: The Return of the King,PG-13,2003,"9.0(2,161,991)",94
4,5,Schindler's List,R,1993,3 hr 15 min,"9.0(1,582,378)"
5,6,The Godfather Part II,R,1974,3 hr 20 min,"9.0(1,492,120)"
6,7,12 Angry Men,Approved,1957,1 hr 36 min,"9.0(981,488)"
7,8,The Lord of the Rings: The Fellowship of the Ring - Extended Edition,PG-13,2003,2 hr 58 min,"8.9(2,203,785)"
8,9,The Lord of the Rings: The Fellowship of the Ring,PG-13,2001,2 hr 58 min,"8.9(2,203,785)"
9,10,One Piece Fan Letter,TV-14,2024,24 min,"9.2(21,784)"
10,11,Inception,PG-13,2010,"8.8(2,811,614)",74
11,12,Fight Club,R,1999,2 hr 19 min,"8.8(2,601,857)"
12,13,Forrest Gump,PG-13,1994,2 hr 22 min,"8.8(2,493,306)"
13,14,Pulp Fiction,R,1994,2 hr 34 min,"8.8(2,431,656)"
14,15,The Lord of the Rings: The Two Towers - Extended Edition,PG-13,2003,2 hr 59 min,"8.8(1,954,618)"
15,16,The Lord of the Rings: The Two Towers,PG-13,2002,2 hr 59 min,"8.8(1,954,618)"
16,17,"The Good, the Bad and the Ugly",R,1966,"8.8(889,734)",90
17,18,I Was a Stranger,PG-13,2026,1 hr 43 min,"9.3(8,429)"
18,19,Disneyland Around the Seasons,NR,1967,51 min,"9.2(11,088)"
19,20,Interstellar,PG-13,2014,"8.7(2,516,752)",74
20,21,The Matrix,R,1999,2 hr 16 min,"8.7(2,243,093)"
21,22,Star Wars Episode V: The Empire Strikes Back,PG,1980,2 hr 4 min,"8.7(1,495,152)"
22,23,The Empire Strikes Back,PG,1980,2 hr 4 min,"8.7(1,495,152)"
23,24,Goodfellas,R,1990,2 hr 28 min,"8.7(1,388,009)"
24,25,Dark,TV-MA,2018,2 hr 1 min,"8.7(542,010)"
25,26,David Attenborough: A Life On Our Planet,PG,2020,1 hr 23 min,"8.9(35,920)"
26,27,12th Fail,2023,"8.7(158,786)",,
27,28,Seven,R,1995,2 hr 8 min,"8.6(2,017,106)"
28,29,The Silence of the Lambs,R,1991,1 hr 58 min,"8.6(1,718,588)"
29,30,Star Trek: The Next Generation - The Best of Both Worlds,PG,1990,1 hr 25 min,"8.7(148,534)"
30,31,Saving Private Ryan,R,1998,2 hr 50 min,"8.6(1,635,552)"
31,32,The Green Mile,R,1999,3 hr 8 min,"8.6(1,557,536)"
32,33,Star Wars Episode IV: A New Hope,PG,1977,2 hr 1 min,"8.6(1,555,851)"
33,34,Terminator 2: Judgment Day,R,1991,2 hr 19 min,"8.6(1,282,391)"
34,35,One Flew Over the Cuckoo's Nest,R,1975,2 hr 13 min,"8.6(1,155,304)"
35,36,Udaan,TV-MA,2021,2 hr 21 min,"8.7(127,179)"
36,37,Spirited Away,PG,2001,2 hr 4 min,"8.6(964,088)"
37,38,City of God,R,2002,2 hr 10 min,"8.6(869,206)"
38,39,Life Is Beautiful,PG-13,1997,1 hr 56 min,"8.6(811,130)"
39,40,The Kashmir Files,NR,2022,2 hr 50 min,"8.6(575,455)"
40,41,It's a Wonderful Life,PG,1947,2 hr 10 min,"8.6(552,062)"
41,42,The Grand Tour Season 2 Sizzle Reel,PG,2017,31 min,"8.7(93,882)"
42,43,Kill Bill: The Whole Bloody Affair,NR,2025,"8.8(36,729)",95
43,44,Seven Samurai,NR,1954,3 hr 27 min,"8.6(397,770)"
44,45,Rocketry: The Nambi Effect,NR,2022,2 hr 10 min,"8.7(60,208)"
45,46,Django Unchained,R,2012,2 hr 45 min,"8.5(1,901,438)"
46,47,Gladiator,R,2000,2 hr 35 min,"8.5(1,844,518)"
47,48,Pulse,1995,2 hr 25 min,"9.2(5,415)",
48,49,The Prestige,PG-13,2006,2 hr 10 min,"8.5(1,583,310)"
49,50,The Departed,R,2006,2 hr 31 min,"8.5(1,551,506)"
50,51,Back to the Future,PG,1985,1 hr 56 min,"8.5(1,450,794)"
51,52,Leon,R,1994,1 hr 46 min,"8.5(1,348,574)"
52,53,The Professional,R,1994,1 hr 50 min,"8.5(1,348,574)"
53,54,American History X,R,1998,1 hr 59 min,"8.5(1,271,167)"
54,55,The Lion King,G,1994,1 hr 27 min,"8.5(1,248,136)"
55,56,The Usual Suspects,R,1995,1 hr 46 min,"8.5(1,236,455)"
56,57,Parasite,R,2019,2 hr 12 min,"8.5(1,148,210)"
57,58,Whiplash,R,2014,1 hr 46 min,"8.5(1,134,459)"
58,59,Alien,R,1979,1 hr 59 min,"8.5(1,061,640)"
59,60,The Intouchables,R,2011,1 hr 53 min,"8.5(1,024,790)"
60,61,The Pianist,R,2002,2 hr 30 min,"8.5(1,010,154)"
61,62,MMTB Best Short Film Collection of 2011,NR,2 hr 2 min,"9.4(3,225)",
62,63,Psycho,R,1960,1 hr 48 min,"8.5(783,952)"
63,64,Casablanca,PG,1942,1 hr 42 min,"8.5(656,718)"
64,65,Rear Window,PG,1954,1 hr 52 min,"8.5(568,382)"
65,66,Murder!,NR,1954,1 hr 44 min,"8.5(568,382)"
66,67,Spider-Man: Across the Spider-Verse ,PG,2023,2 hr 20 min,"8.5(509,515)"
67,68,Harakiri,NR,1963,2 hr 15 min,"8.6(90,669)"
68,69,Once Upon a Time in the West,PG-13,1968,2 hr 25 min,"8.5(383,734)"
69,70,Grave of the Fireflies,NR,1988,1 hr 59 min,"8.5(383,582)"
70,71,Cinema Paradiso,PG,1988,2 hr 4 min,"8.5(316,943)"
71,72,Mayabazar,NR,1957,2 hr 55 min,"9.1(5,989)"
72,73,Maya,NR,1957,1 hr 53 min,"9.1(5,989)"
73,74,Modern Times,G,1936,1 hr 27 min,"8.5(276,967)"
74,75,The Marathon Family,1986,1 hr 32 min,"8.8(17,361)",
75,76,City Lights,G,1931,1 hr 27 min,"8.5(215,345)"
76,77,Bo Burnham: Inside,TV-MA,2021,1 hr 27 min,"8.6(60,207)"
77,78,The Dark Knight Rises,PG-13,2012,"8.4(1,990,749)",78
78,79,Inglourious Basterds,R,2009,"8.4(1,778,290)",69
79,80,Marvel Studios' Avengers: Endgame,PG-13,2019,3 hr 1 min,"8.4(1,442,446)"
80,81,Avengers: Endgame,PG-13,2019,3 hr 1 min,"8.4(1,442,446)"
81,82,Memento,R,2000,1 hr 53 min,"8.4(1,432,382)"
82,83,Memento,2001,1 hr 54 min,,
83,84,Avengers: Infinity War,PG-13,2018,2 hr 29 min,"8.4(1,368,739)"
84,85,WALL-E,G,2008,1 hr 38 min,"8.4(1,306,354)"
85,86,The Shining,R,1980,2 hr 26 min,"8.4(1,216,349)"
86,87,Mente indomable,R,1997,2 hr 6 min,"8.4(1,213,877)"
87,88,Good Will Hunting,R,1997,2 hr 6 min,"8.4(1,213,877)"
88,89,Indiana Jones and the Raiders of the Lost Ark,PG-13,1981,1 hr 55 min,"8.4(1,102,713)"
89,90,Stop Making Sense,PG,1984,1 hr 28 min,"8.7(23,621)"
90,91,Aliens,R,1986,2 hr 17 min,"8.4(839,261)"
91,92,Spider-Man: Into the Spider-Verse,PG,2018,1 hr 40 min,"8.4(777,014)"
92,93,Apocalypse Now Redux,R,2001,3 hr 16 min,"8.4(769,246)"
93,94,Apocalypse Now,R,1979,2 hr 33 min,"8.4(769,246)"
94,95,Dune: Part Two,PG-13,2024,2 hr 46 min,"8.4(734,902)"
95,96,Coco,PG,2017,1 hr 49 min,"8.4(704,092)"
96,97,20 Days in Mariupol,NR,2023,1 hr 34 min,"8.6(41,757)"
97,98,3 Idiots,NR,2009,2 hr 44 min,"8.4(474,710)"
98,99,Amadeus,R,1984,3 hr,"8.4(465,171)"
99,100,Balkan Spy,1984,1 hr 35 min,"8.8(12,652)",
100,101,The Lives of Others,R,2006,2 hr 17 min,"8.4(440,932)"
101,102,Kireedam | ??????,NR,1989,2 hr 4 min,"8.9(8,658)"
102,103,Kireedam,NR,1989,"8.9(8,658)",
103,104,Your Name (English Language Version),PG,2017,1 hr 47 min,"8.4(385,171)"
104,105,Your Name.,PG,2016,1 hr 47 min,"8.4(385,171)"
105,106,Sita Ramam,2022,2 hr 43 min,"8.5(81,984)",
106,107,Pariyerum Perumal BA.BL,NR,2018,2 hr 34 min,"8.7(19,122)"
107,108,SodaPop,TV-MA,2019,4 hr,"9.9(1,147)"
108,109,Dhamaal 4,2026,2 hr 21 min,,
109,110,Das Boot - The Director's Cut,R,1982,2 hr 29 min,"8.4(285,572)"
110,111,Das Boot,R,1981,2 hr 30 min,"8.4(285,572)"
111,112,Sunset Boulevard,Approved,1950,1 hr 50 min,"8.4(260,869)"
112,113,The Great Dictator,G,1940,2 hr 4 min,"8.4(258,304)"
113,114,Paths of Glory,Approved,1958,1 hr 28 min,"8.4(237,303)"
114,115,Who's That Singing Over There,1980,1 hr 26 min,"8.7(16,965)",
115,116,Peranbu,NR,2019,2 hr 27 min,"8.7(16,835)"
116,117,Nayakan,NR,1987,2 hr 36 min,"8.6(27,667)"
117,118,Nayagan,NR,1987,2 hr 25 min,"8.6(27,667)"
118,119,The Phantom of the Opera at the Royal Albert Hall,NR,2011,2 hr 41 min,"8.8(10,513)"
119,120,Phantom Of The Opera at the Royal Albert Hall-25th Anniversary Celebration,pg-13,2011,2 hr 17 min,
120,121,After Life,TV-MA,2020,4 min,"8.4(161,112)"
121,122,Witness for the Prosecution,NR,1958,1 hr 56 min,"8.4(160,177)"
122,123,Sandhesam,NR,1991,2 hr 19 min,"9.0(5,391)"
123,124,Anbe Sivam,NR,2003,2 hr 40 min,"8.6(25,583)"
124,125,Solo Leveling: ReAwakening,R,2024,1 hr 56 min,"8.7(14,954)"
125,126,Joker,R,2019,2 hr 2 min,"8.3(1,690,149)"
126,127,Manichithrathazhu,NR,1993,2 hr 35 min,"8.7(14,638)"
127,128,American Beauty,R,1999,2 hr 2 min,"8.3(1,272,515)"
128,129,Up,PG,2009,1 hr 27 min,"8.3(1,225,827)"
129,130,Star Wars Episode VI: Return of the Jedi,PG,1983,2 hr 14 min,"8.3(1,200,333)"
130,131,Eternal Sunshine of the Spotless Mind,R,2004,1 hr 48 min,"8.3(1,166,070)"
131,132,Reservoir Dogs,R,1992,1 hr 38 min,"8.3(1,164,336)"
132,133,Toy Story,G,1995,1 hr 21 min,"8.3(1,163,069)"
133,134,Braveheart,R,1995,2 hr 55 min,"8.3(1,155,463)"
134,135,Scarface,R,1983,2 hr 50 min,"8.3(1,012,928)"
135,136,Dear Zachary: A Letter to a Son About His Father,NR,2008,1 hr 35 min,"8.5(45,102)"
136,137,Capernaum,R,2018,2 hr 3 min,"8.4(122,730)"
137,138,Toy Story 3,PG,2010,1 hr 43 min,"8.3(961,588)"
138,139,Amelie,R,2001,2 hr 2 min,"8.3(839,094)"
139,140,Heat,R,1995,2 hr 51 min,"8.3(800,903)"
140,141,2001: A Space Odyssey,G,1968,"8.3(772,787)",84
141,142,Night and Fog,TV-14,1955,32 min,"8.6(22,148)"
142,143,Baraka,NR,1993,1 hr 36 min,"8.5(42,217)"
143,144,Oldboy,R,2003,2 hr,"8.3(710,562)"
144,145,Old Boy,NR,2015,2 hr,"8.3(710,562)"
145,146,Kantara A Legend: Chapter 1,NR,2025,2 hr 45 min,"8.5(41,331)"
146,147,Lost,R,2004,1 hr 30 min,"8.3(657,937)"
147,148,Manichitrathazhu,NR,1993,2 hr 49 min,"8.7(13,189)"
148,149,Dr. Strangelove Or: How I Learned To Stop Worrying And Love The Bomb,PG,1964,1 hr 34 min,"8.3(549,187)"
149,150,Dr. Strangelove,PG,1964,1 hr 34 min,"8.3(549,187)"
150,151,Once Upon a Time in America,R,1984,"8.3(408,370)",75
151,152,The Human Condition Part 3: A Soldier's Prayer,NR,1970,3 hr 10 min,"8.8(8,466)"
152,153,The Hunt,R,2013,1 hr 46 min,"8.3(397,079)"
153,154,Senna,PG-13,2010,1 hr 46 min,"8.4(83,203)"
154,155,Care of Kancharapalem,2018,2 hr 32 min,"8.8(8,397)",
155,156,North by Northwest,NR,1959,2 hr 16 min,"8.3(369,321)"
156,157,Lawrence of Arabia,PG,1962,3 hr 47 min,"8.3(334,419)"
157,158,Singin' in the Rain,G,1952,1 hr 43 min,"8.3(282,203)"
158,159,A Separation,PG-13,2011,2 hr 3 min,"8.3(276,307)"
159,160,High and Low,NR,1962,2 hr 23 min,"8.4(70,373)"
160,161,Shoah,NR,1985,10 hr 13 min,"8.7(11,202)"
161,162,Incendies,R,2011,2 hr 10 min,"8.3(243,446)"
162,163,Dangal,NR,2016,2 hr 49 min,"8.3(239,462)"
163,164,Demon Slayer: Kimetsu no Yaiba- The Movie - Infinity Castle,R,2025,2 hr 35 min,"8.4(64,082)"
164,165,Taare Zameen Par,PG,2007,2 hr 20 min,"8.3(227,525)"
165,166,The Apartment,Approved,1960,2 hr 5 min,"8.3(217,548)"
166,167,Mouse,NR,2022,1 hr 25 min,"8.6(16,287)"
167,168,Natsamrat - Asa Nat Hone Nahi,2016,2 hr 45 min,"8.8(7,375)",
168,169,Hilda,PG-13,2017,9 min,"8.6(15,919)"
169,170,M,Passed,1931,1 hr 51 min,"8.3(179,355)"
170,171,Double Indemnity,Approved,1944,1 hr 47 min,"8.3(176,771)"
171,172,Jesus of Nazareth,TV-G,1977,"8.5(26,718)",
172,173,The Cove,PG-13,2008,1 hr 30 min,"8.4(52,888)"
173,174,The Best of Youth,R,2005,6 hr 40 min,"8.5(25,170)"
174,175,Wolf,NR,2013,2 hr 3 min,"8.2(1,784,314)"
175,176,The Wolf of Wall Street,R,2013,3 hr,"8.2(1,784,314)"
176,177,Hans Zimmer Live In Prague,NR,2017,2 hr 18 min,"9.1(3,253)"
177,178,Batman Begins,PG-13,2005,2 hr 19 min,"8.2(1,709,629)"
178,179,Shutter Island,R,2010,2 hr 28 min,"8.2(1,644,111)"
179,180,Hamilton,PG-13,2020,2 hr 40 min,"8.3(139,939)"
180,181,Dil Bechara,NR,2020,1 hr 41 min,"8.3(137,372)"
181,182,The Truman Show,PG,1998,1 hr 43 min,"8.2(1,356,843)"
182,183,"Batman: The Dark Knight Returns, Part 2",PG-13,2013,1 hr 16 min,"8.4(47,412)"
183,184,Kill Bill: Vol. 1,R,2003,1 hr 51 min,"8.2(1,305,508)"
184,185,Anne of Green Gables,TV-G,1985,3 hr 19 min,"8.5(23,638)"
185,186,Finding Nemo,G,2012,1 hr 40 min,"8.2(1,196,544)"
186,187,No Country for Old Men,R,2007,2 hr 2 min,"8.2(1,177,271)"
187,188,Jurassic Park,PG-13,1993,2 hr 7 min,"8.2(1,167,043)"
188,189,The Sixth Sense,PG-13,1999,1 hr 47 min,"8.2(1,136,530)"
189,190,The Hole,NR,1960,2 hr 12 min,"8.5(23,188)"
190,191,Le Trou,NR,1960,2 hr 11 min,"8.5(23,188)"
191,192,A Beautiful Mind,PG-13,2001,2 hr 15 min,"8.2(1,052,138)"
192,193,Oppenheimer,R,2023,3 hr,"8.2(1,024,033)"
193,194,Taxi Driver,R,1976,1 hr 53 min,"8.2(1,023,905)"
194,195,Die Hard,R,1988,2 hr 12 min,"8.2(1,021,784)"
195,196,Snatch,R,2001,1 hr 43 min,"8.2(976,126)"
196,197,Come and See,NR,1985,2 hr 26 min,"8.3(119,291)"
197,198,A Clockwork Orange,X,1971,2 hr 16 min,"8.2(930,482)"
198,199,Prisoners,R,2013,"8.2(922,474)",70
199,200,Top Gun: Maverick,PG-13,2022,2 hr 11 min,"8.2(855,273)"
200,201,Mark Kline Pressure Point Basics,NR,29 min,"9.1(3,135)",
201,202,Indiana Jones and the Last Crusade,PG-13,1989,2 hr 7 min,"8.2(858,909)"
202,203,Full Metal Jacket,R,1987,1 hr 56 min,"8.2(850,103)"
203,204,1917,R,2019,1 hr 59 min,"8.2(769,457)"
204,205,Les Miserables: 25th Anniversary in Concert,NR,2010,2 hr 58 min,"8.8(6,556)"
205,206,Pan's Labyrinth,R,2006,1 hr 59 min,"8.2(745,954)"
206,207,There Will Be Blood,R,2007,2 hr 38 min,"8.2(700,517)"
207,208,Green Book,PG-13,2018,2 hr 10 min,"8.2(682,124)"
208,209,L.A. Confidential,R,1997,2 hr 18 min,"8.2(655,630)"
209,210,Casino,R,1995,2 hr 58 min,"8.2(613,907)"
210,211,Ikiru,NR,1952,2 hr 23 min,"8.3(100,520)"
211,212,Monty Python and the Holy Grail,PG,1975,1 hr 32 min,"8.2(599,882)"
212,213,Samsara,PG-13,2012,1 hr 39 min,"8.4(39,134)"
213,214,The Thing,R,1982,1 hr 49 min,"8.2(521,638)"
214,215,Judgment at Nuremberg,Approved,1961,3 hr 6 min,"8.3(93,758)"
215,216,Howl's Moving Castle,PG,2005,1 hr 59 min,"8.2(507,343)"
216,217,Gol Maal,NR,1979,"8.5(20,351)",
217,218,Citizen Kane,PG,1941,1 hr 59 min,"8.2(491,492)"
218,219,I Swear,r,2026,2 hr,"8.4(37,223)"
219,220,Asuran,NR,2019,2 hr 21 min,"8.4(37,030)"
220,221,Unforgiven,R,1992,2 hr 11 min,"8.2(465,109)"
221,222,Vertigo,R,1958,2 hr 8 min,"8.2(458,761)"
222,223,Project Hail Mary,PG-13,2026,2 hr 37 min,"8.2(433,769)"
223,224,Kumbalangi Nights,NR,2019,2 hr 15 min,"8.5(19,661)"
224,225,Vikram,NR,2022,2 hr 26 min,"8.3(84,609)"
225,226,Downfall,R,2004,2 hr 35 min,"8.2(398,149)"
226,227,Thevar Magan,1992,2 hr 25 min,"8.7(8,267)",
227,228,Gone with the Wind,G,1939,3 hr 44 min,"8.2(354,268)"
228,229,To Kill a Mockingbird,Approved,1962,2 hr 8 min,"8.2(350,117)"
229,230,Maharaja,2024,2 hr 21 min,"8.3(76,427)",
230,231,Some Like It Hot,NR,1959,2 hr 2 min,"8.2(304,528)"
231,232,For a Few Dollars More,R,1965,2 hr 12 min,"8.2(299,823)"
232,233,The Sting,PG,1973,2 hr 9 min,"8.2(298,899)"
233,234,Pink Floyd: Live at Pompeii,G,1972,1 hr,"8.6(11,423)"
234,235,Pink Floyd - Classic Albums: The Dark Side Of The Moon,G,1973,49 min,"8.6(11,423)"
235,236,The Elephant Man,PG,1980,2 hr 4 min,"8.2(279,177)"
236,237,Chhichhore,NR,2019,2 hr 26 min,"8.3(70,415)"
237,238,The Great Escape,Approved,1963,2 hr 52 min,"8.2(276,075)"
238,239,Scenes from a Marriage,TV-PG,1973,5 hr 10 min,"8.5(17,642)"
239,240,Queen - Live at Wembley Stadium,NR,1986,1 hr 51 min,"9.1(2,844)"
240,241,How the Grinch Stole Christmas,G,1966,26 min,"8.3(65,924)"
241,242,How the Grinch Stole Christmas! / Horton Hears a Who!,NR,1966,1 hr 18 min,"8.3(65,924)"
242,243,The Father,PG-13,2020,1 hr 37 min,"8.2(240,885)"
243,244,The Secret in Their Eyes,R,2009,2 hr 7 min,"8.2(240,743)"
244,245,Klaus,PG,2019,1 hr 36 min,"8.2(232,782)"
245,246,The Wrong Trousers,TV-PG,1993,30 min,"8.3(63,100)"
246,247,The Wild Robot,PG,2024,1 hr 41 min,"8.2(216,281)"
247,248,Nadodikkattu,1987,2 hr 38 min,"8.8(5,559)",
248,249,Metropolis,Passed,1927,2 hr 33 min,"8.2(199,601)"
249,250,It,NR,1927,1 hr 12 min,"8.2(199,601)"
250,251,Aha Naa Pellanta,1987,2 hr 27 min,"9.0(3,368)",
251,252,Lost Ladies,TV-14,2024,2 hr 2 min,"8.3(58,723)"
252,253,Laapataa Ladies,TV-14,2023,2 hr 2 min,"8.3(58,723)"
253,254,The Bicycle Thief,NR,1948,1 hr 33 min,"8.2(190,001)"
254,255,Bicycle Thieves,NR,1948,1 hr 29 min,"8.2(190,001)"
255,256,K.G.F: Chapter 2,NR,2022,2 hr 48 min,"8.2(168,019)"
256,257,Ratsasan,NR,2018,2 hr 50 min,"8.3(52,468)"
257,258,Woman in the Dunes,NR,1964,2 hr 3 min,"8.4(25,211)"
258,259,Ran,R,1985,2 hr 40 min,"8.2(150,674)"
259,260,A Charlie Brown Christmas,TV-G,1965,25 min,"8.3(50,353)"
260,261,Sardar Udham,TV-MA,2021,2 hr 42 min,"8.3(49,981)"
261,262,All About Eve,NR,1950,2 hr 19 min,"8.2(147,735)"
262,263,I'm Still Here,PG-13,2024,2 hr 16 min,"8.2(144,641)"
263,264,"Kid, The",Passed,1921,1 hr 8 min,"8.2(144,275)"
264,265,The Kid,Passed,1921,1 hr 8 min,"8.2(144,275)"
265,266,Yojimbo,NR,1961,1 hr 50 min,"8.2(141,960)"
266,267,The Salt of the Earth,PG-13,2015,1 hr 40 min,"8.4(24,324)"
267,268,The Treasure of the Sierra Madre,Approved,1948,2 hr 6 min,"8.2(140,812)"
268,269,A Silent Voice - The Movie,NR,2016,2 hr 9 min,"8.2(137,111)"
269,270,Thani Oruvan,NR,2015,2 hr 37 min,"8.4(24,023)"
270,271,Black Friday,PG-13,2004,2 min,"8.4(23,834)"
271,272,Pirates of the Caribbean: The Curse of the Black Pearl,PG-13,2003,2 hr 23 min,"8.1(1,323,403)"
272,273,Baahubali 2: The Conclusion,NR,2017,2 hr 51 min,"8.2(132,342)"
273,274,V for Vendetta,2006,2 hr 12 min,,
274,275,V for Vendetta,R,2005,2 hr 12 min,"8.1(1,245,161)"
275,276,Catch Me If You Can,PG-13,2002,2 hr 21 min,"8.1(1,233,450)"
276,277,Mad Max: Fury Road,R,2015,"8.1(1,198,396)",90
277,278,Gone Girl,R,2014,2 hr 29 min,"8.1(1,166,585)"
278,279,The Lizard,2005,1 hr 55 min,"8.4(23,067)",
279,280,Marmoulak,2004,1 hr 55 min,"8.4(23,067)",
280,281,"Monsters, Inc.",G,2001,1 hr 34 min,"8.1(1,072,549)"
281,282,Drishyam,NR,2013,2 hr 40 min,"8.3(44,816)"
282,283,Harry Potter and the Deathly Hallows: Part 2,PG-13,2011,2 hr 10 min,"8.1(1,035,967)"
283,284,Spider-Man: No Way Home,PG-13,2021,"8.1(1,017,543)",71
284,285,The Terminator,R,1984,1 hr 48 min,"8.1(996,325)"
285,286,The Century of the Self,2002,4 hr,"8.7(6,656)",
286,287,The Grand Budapest Hotel,R,2014,1 hr 39 min,"8.1(968,286)"
287,288,Ratatouille,G,2007,1 hr 51 min,"8.1(940,588)"
288,289,Logan,R,2017,2 hr 17 min,"8.1(917,281)"
289,290,The Big Lebowski,R,1998,1 hr 58 min,"8.1(911,908)"
290,291,Inside Out,PG,2015,"8.1(905,131)",94
291,292,INSIDE OUT 2-MOVIE COLLECTION,PG,2015,1 hr 35 min,"8.1(905,131)"
292,293,How to Train Your Dragon,PG,2010,1 hr 38 min,"8.1(882,954)"
293,294,For Sama,TV-PG,2019,1 hr 35 min,"8.5(13,617)"
294,295,Blade Runner,R,1982,1 hr 56 min,"8.1(876,371)"
295,296,Gran Torino,R,2008,1 hr 56 min,"8.1(854,482)"
296,297,Mark Kline Live Pressure Point Drills Seminar,NR,51 min,"9.0(3,096)",
297,298,Andhadhun,NR,2018,2 hr 18 min,"8.2(112,972)"
298,299,Thalapathi,NR,1991,2 hr 36 min,"8.5(13,500)"
299,300,Devaasuram,NR,1993,2 hr 39 min,"8.7(6,540)"
300,301,Devasuram,NR,1993,3 hr 7 min,"8.7(6,540)"
301,302,The Mountain II,2016,2 hr 14 min,"8.2(110,997)",
302,303,Vada Chennai,NR,2018,2 hr 44 min,"8.4(21,906)"
303,304,12 Years a Slave,R,2013,2 hr 14 min,"8.1(785,552)"
304,305,Fargo,R,1996,1 hr 38 min,"8.1(780,547)"
305,306,K.G.F.,NR,2018,2 hr 36 min,"8.2(110,193)"
306,307,Trainspotting,R,1996,1 hr 34 min,"8.1(765,284)"
307,308,Million Dollar Baby,PG-13,2004,2 hr 12 min,"8.1(765,230)"
308,309,Gangs of Wasseypur,NR,2013,5 hr 21 min,"8.2(109,282)"
309,310,Gangs Of Wasseypur 2,NR,2015,2 hr 38 min,"8.2(109,282)"
310,311,Jaws,PG,1975,2 hr 4 min,"8.1(731,140)"
311,312,Drishyam,NR,2015,2 hr 43 min,"8.2(107,492)"
312,313,Human,NR,2014,11 min,"8.6(8,944)"
313,314,Rocky,PG,1976,1 hr 59 min,"8.1(683,546)"
314,315,Hacksaw Ridge,R,2016,2 hr 11 min,"8.1(679,234)"
315,316,"Lock, Stock and Two Smoking Barrels",R,1999,1 hr 45 min,"8.1(649,801)"
316,317,Oru Vadakkan Veeragatha,1989,2 hr 48 min,"8.7(6,395)",
317,318,Dead Poets Society,PG,1989,2 hr 8 min,"8.1(643,802)"
318,319,Swades,NR,2004,3 hr 16 min,"8.2(100,779)"
319,320,"Three Billboards Outside Ebbing, Missouri",R,2017,1 hr 55 min,"8.1(601,876)"
320,321,My Father and My Son,NR,2005,1 hr 48 min,"8.2(97,290)"
321,322,Rush,R,2013,"8.1(554,701)",74
322,323,Ford v Ferrari,PG-13,2019,2 hr 32 min,"8.1(553,839)"
323,324,Spotlight,R,2015,2 hr 8 min,"8.1(529,406)"
324,325,Warrior,PG-13,2011,2 hr 20 min,"8.1(525,944)"
325,326,The Help,PG-13,2011,2 hr 26 min,"8.1(524,627)"
326,327,Zindagi Na Milegi Dobara,NR,2011,2 hr 33 min,"8.2(93,287)"
327,328,The Exorcist,R,1973,2 hr 2 min,"8.1(495,533)"
328,329,The Exorcist - Extended Director's Cut,R,2000,2 hr 13 min,"8.1(495,533)"
329,330,Stand by Me,R,1986,1 hr 28 min,"8.1(480,200)"
330,331,Room,R,2015,1 hr 57 min,"8.1(477,769)"
331,332,Platoon,R,1986,2 hr,"8.1(472,202)"
332,333,The Wizard of Oz,G,1939,1 hr 43 min,"8.1(464,833)"
333,334,Children of Heaven,PG,1997,1 hr 29 min,"8.2(89,248)"
334,335,The World of Apur [Apur Sansar],NR,1959,1 hr 45 min,"8.4(19,643)"
335,336,My Neighbor Totoro,G,1988,1 hr 26 min,"8.1(425,325)"
336,337,Raging Bull,R,1980,2 hr 9 min,"8.1(407,608)"
337,338,Hotel Rwanda,PG-13,2004,2 hr 1 min,"8.1(389,186)"
338,339,Inside Job,PG-13,2010,1 hr 49 min,"8.2(82,332)"
339,340,The Deer Hunter,R,1978,3 hr 2 min,"8.1(386,553)"
340,341,Hera Pheri,NR,2000,2 min,"8.2(81,920)"
341,342,Chinatown,R,1974,2 hr 11 min,"8.1(374,788)"
342,343,Before Sunrise,R,1995,1 hr 45 min,"8.1(373,558)"
343,344,Uri: The Surgical Strike,TV-14,2019,2 hr 18 min,"8.2(80,115)"
344,345,Vchera,1988,1 hr 24 min,"8.9(3,574)",
345,346,Piper,G,2016,6 min,"8.3(33,637)"
346,347,Bhaag Milkha Bhaag,NR,2013,3 hr 9 min,"8.2(78,244)"
347,348,Hachi: A Dog's Tale,G,2009,1 hr 44 min,"8.1(336,321)"
348,349,Searching for Sugar Man,PG-13,2012,"8.2(75,728)",79
349,350,Before Sunset,R,2004,1 hr 20 min,"8.1(309,299)"
350,351,The Witness,1969,"8.6(7,967)",,
351,352,The Sound of Music,G,1965,2 hr 47 min,"8.1(289,128)"
352,353,Tumbbad,NR,2018,1 hr 44 min,"8.2(70,254)"
353,354,Ben Hur (1959),NR,1959,3 hr 32 min,"8.1(269,891)"
354,355,Memories of Murder,NR,2003,2 hr 7 min,"8.1(262,200)"
355,356,The Iron Giant,PG,1999,1 hr 26 min,"8.1(257,198)"
356,357,Meiyazhagan,2024,2 hr 38 min,"8.4(17,177)",
357,358,The Bridge On The River Kwai,PG,1957,2 hr 41 min,"8.1(247,433)"
358,359,Wild Tales,R,2015,2 hr 2 min,"8.1(236,451)"
359,360,Man with a Movie Camera,NR,1929,1 hr 8 min,"8.3(29,487)"
360,361,Sherlock Jr.,NR,1924,44 min,"8.2(64,220)"
361,362,Dave Chappelle: Sticks & Stones,R,2019,1 hr 6 min,"8.3(29,108)"
362,363,Hoop Dreams,NR,1994,2 hr 50 min,"8.3(28,938)"
363,364,La Haine,NR,1995,1 hr 38 min,"8.1(223,323)"
364,365,PK,NR,2014,2 hr 33 min,"8.1(219,596)"
365,366,The Seventh Seal,NR,1957,1 hr 36 min,"8.1(211,758)"
366,367,Dial M for Murder,PG,1954,1 hr 45 min,"8.1(204,423)"
367,368,The Human Condition Part 1: No Greater Love,NR,1959,3 hr 28 min,"8.5(10,536)"
368,369,Barry Lyndon,PG,1975,3 hr 5 min,"8.1(202,448)"
369,370,In the Name of the Father,R,1993,2 hr 13 min,"8.1(200,972)"
370,371,Mary and Max,NR,2009,1 hr 30 min,"8.1(199,582)"
371,372,The Handmaiden,NR,2016,2 hr 25 min,"8.1(199,145)"
372,373,Rashomon,NR,1950,1 hr 28 min,"8.1(195,453)"
373,374,Poove Unakkaga,1996,2 hr 45 min,"8.6(7,334)",
374,375,Won't You Be My Neighbor?,PG-13,2018,1 hr 33 min,"8.3(27,443)"
375,376,The Third Man,Approved,1950,1 hr 45 min,"8.1(193,556)"
376,377,Hi Nanna,2023,2 hr 35 min,"8.2(20,583)",
377,378,Visaranai,NR,2015,1 hr 56 min,"8.4(15,906)"
378,379,Network,R,1976,2 hr 1 min,"8.1(184,935)"
379,380,Presto,G,2008,5 min,"8.3(26,319)"
380,381,PRESTO,G,1970,5 min,"8.3(26,319)"
381,382,On the Waterfront,NR,1954,1 hr 48 min,"8.1(172,324)"
382,383,Mahanati (Telugu),NR,2018,2 hr 57 min,"8.4(15,230)"
383,384,Nadigaiyar Thilagam (Tamil),NR,2018,2 hr 47 min,"8.4(15,230)"
384,385,Vikram Vedha,NR,2017,2 hr 20 min,"8.2(52,192)"
385,386,Spadikam,NR,1995,2 hr 25 min,"8.6(6,973)"
386,387,Drishyam 2,NR,2022,2 hr 20 min,"8.2(50,543)"
387,388,Premam,2015,2 hr 36 min,"8.3(24,675)",
388,389,Vincent,G,1982,5 min,"8.3(24,647)"
389,390,"Paris, Texas",R,1983,2 hr 27 min,"8.1(139,064)"
390,391,The Avengers,PG-13,2012,2 hr 23 min,"8.0(1,555,308)"
391,392,The Rescue,PG,2021,1 hr 47 min,"8.3(23,212)"
392,393,Titanic,PG-13,1997,3 hr 14 min,"8.0(1,389,357)"
393,394,Bangalore Days,NR,2014,2 hr 51 min,"8.3(23,587)"
394,395,Sobachye Serdtse,PG,1988,2 hr 10 min,"8.5(9,458)"
395,396,Guardians of the Galaxy,PG-13,2014,"8.0(1,362,435)",76
396,397,Writers,PG-13,2010,1 hr 29 min,"8.0(1,362,435)"
397,398,Deadpool,R,2016,"8.0(1,250,978)",65
398,399,Mr. Smith Goes To Washington,Approved,1939,2 hr 9 min,"8.1(128,934)"
399,400,Filantropica,2002,1 hr 50 min,"8.4(13,999)",
400,401,Jane Eyre,TV-PG,2006,4 hr,"8.3(23,194)"
401,402,Lagaan,PG,2001,3 hr 44 min,"8.1(126,682)"
402,403,The Gold Rush,NR,1925,1 hr 36 min,"8.1(125,520)"
403,404,Rang De Basanti,NR,2005,2 hr 37 min,"8.1(123,635)"
404,405,Louis C.K.: Shameless,MA,2007,57 min,"8.5(9,239)"
405,406,Wild Strawberries,NR,1957,1 hr 31 min,"8.1(122,286)"
406,407,Koyaanisqatsi,NR,1982,1 hr 27 min,"8.2(44,387)"
407,408,Children of Paradise,NR,1945,3 hr 10 min,"8.3(22,731)"
408,409,Red Beard,NR,1965,3 hr 5 min,"8.3(22,731)"
409,410,Dune,PG-13,2021,2 hr 35 min,"8.0(1,038,179)"
410,411,The Martian,PG-13,2015,2 hr 24 min,"8.0(999,128)"
411,412,Anniyan,NR,2005,181 hr,"8.3(22,482)"
412,413,Remo,NR,2005,2 hr 24 min,"8.3(22,482)"
413,414,It Happened One Night,Approved,1934,1 hr 45 min,"8.1(119,159)"
414,415,The Revenant,R,2015,2 hr 36 min,"8.0(947,792)"
415,416,The Act of Killing,NR,2013,2 hr 39 min,"8.2(43,085)"
416,417,Three Colours: Red,R,1994,1 hr 39 min,"8.1(116,330)"
417,418,Three Colors: Red,R,1994,1 hr 40 min,"8.1(116,330)"
418,419,Slumdog Millionaire,R,2008,2 hr,"8.0(907,124)"
419,420,Donnie Darko,R,2001,1 hr 53 min,"8.0(906,192)"
420,421,Kantara,NR,2022,2 hr 28 min,"8.1(115,613)"
421,422,The Incredibles,PG,2004,1 hr 55 min,"8.0(891,503)"
422,423,Black Swan,R,2010,1 hr 43 min,"8.0(882,921)"
423,424,The Imitation Game,PG-13,2014,1 hr 53 min,"8.0(872,710)"
424,425,Indestructible Book - A Bible For The Common Man (Vol 2),R,56 min,"8.0(869,309)",83
425,426,Temptress Video Magazine - Vol 2,NR,1 hr 1 min,"8.0(869,309)",83
426,427,The Cranes Are Flying,NR,1957,1 hr 37 min,"8.3(22,051)"
427,428,Frank Miller's Sin City: Unrated Version,R,2005,2 hr 10 min,"8.0(816,686)"
428,429,Sin City,R,2005,2 hr 4 min,"8.0(816,686)"
429,430,La La Land,PG-13,2016,2 hr 6 min,"8.0(759,966)"
430,431,Blade Runner 2049,R,2017,2 hr 43 min,"8.0(751,317)"
431,432,Bajrangi Bhaijaan,NR,2015,2 hr 38 min,"8.1(107,672)"
432,433,Casino Royale,PG-13,2006,2 hr 24 min,"8.0(739,664)"
433,434,Jana Gana Mana,2022,2 hr 42 min,"8.3(21,448)",
434,435,Groundhog Day,PG,1993,1 hr 41 min,"8.0(733,269)"
435,436,The King's Speech,R,2010,1 hr 59 min,"8.0(732,524)"
436,437,The Grapes of Wrath,NR,1940,2 hr 10 min,"8.1(106,756)"
437,438,Her,R,2013,2 hr 6 min,"8.0(725,639)"
438,439,Into the Wild,R,2007,2 hr 28 min,"8.0(692,790)"
439,440,9/11,TV-PG,2002,1 hr 52 min,"8.5(8,820)"
440,441,The Bourne Ultimatum,PG-13,2007,1 hr 55 min,"8.0(681,537)"
441,442,The General,Passed,1926,1 hr 15 min,"8.1(104,099)"
442,443,Pather Panchali,NR,1955,2 hr 5 min,"8.2(40,167)"
443,444,Song Of The Road,NR,1958,1 hr 59 min,"8.2(40,167)"
444,445,Twelve Monkeys,R,1995,2 hr 10 min,"8.0(676,593)"
445,446,They Shall Not Grow Old,R,2018,1 hr 39 min,"8.2(40,119)"
446,447,Zootropolis (Plus Bonus Content),PG,2016,1 hr 48 min,"8.0(643,171)"
447,448,Zootopia,PG,2016,1 hr 49 min,"8.0(643,171)"
448,449,13th,TV-MA,2016,1 hr 40 min,"8.2(39,610)"
449,450,The Birthday Boy,TV-MA,2024,1 hr 58 min,"8.9(3,006)"
450,451,Blood Diamond,R,2006,2 hr 23 min,"8.0(624,901)"
451,452,The Pursuit of Happyness,PG-13,2006,1 hr 49 min,"8.0(614,482)"
452,453,Chithram,1988,2 hr 39 min,"8.6(6,279)",
453,454,Interrogation,NR,2015,1 hr 56 min,"8.4(12,728)"
454,455,Rain Man,R,1988,2 hr 13 min,"8.0(581,331)"
455,456,Paan Singh Tomar,NR,2012,2 hr 15 min,"8.2(38,555)"
456,457,La Jetee,NR,1962,28 min,"8.2(37,834)"
457,458,Sansho the Bailiff,NR,1954,2 hr 4 min,"8.3(20,134)"
458,459,No Direction Home: Bob Dylan,NR,2005,3 hr 28 min,"8.4(12,476)"
459,460,Beauty and the Beast,G,1991,1 hr 24 min,"8.0(502,927)"
460,461,Barfi!,NR,2012,2 hr 30 min,"8.1(91,570)"
461,462,Aladdin,G,1992,1 hr 30 min,"8.0(497,512)"
462,463,Munna Bhai M.B.B.S.,NR,2003,"8.1(91,098)",
463,464,The Human Condition Part 2: Road to Eternity,NR,1961,3 hr 1 min,"8.5(8,444)"
464,465,The Princess Bride,PG,1987,1 hr 38 min,"8.0(481,984)"
465,466,Sachin: A Billion Dreams,2017,2 hr 18 min,"8.5(8,438)",
466,467,Big Fish,PG-13,2004,2 hr 5 min,"8.0(476,443)"
467,468,Paperman,G,2012,7 min,"8.2(36,403)"
468,469,India,NR,2007,30 min,"8.1(88,916)"
469,470,Chak De! India,NR,2007,2 hr 33 min,"8.1(88,916)"
470,471,Saagara Sangamam,1983,2 hr 40 min,"8.8(3,637)",
471,472,The Man Who Shot Liberty Valance,Approved,1962,2 hr 3 min,"8.1(88,143)"
472,473,Soul,PG,2019,11 min,"8.0(441,986)"
473,474,Soul,PG,2020,"8.0(441,986)",83
474,475,Vreme na nasilie,R,1988,4 hr 48 min,"9.0(2,402)"
475,476,Monty Python's Life of Brian,R,1979,1 hr 34 min,"8.0(433,485)"
476,477,Free Solo,PG-13,2018,1 hr 36 min,"8.1(83,687)"
477,478,Dara of Jasenovac,NR,2021,2 hr 10 min,"8.1(82,022)"
478,479,Temple Grandin,TV-PG,2010,1 hr 43 min,"8.2(34,307)"
479,480,Scent of a Woman,R,1992,2 hr 37 min,"8.0(366,580)"
480,481,Magnolia,R,1999,3 hr 8 min,"8.0(341,915)"
481,482,The Best Years of Our Lives,Approved,1946,2 hr 52 min,"8.1(77,032)"
482,483,Dil Chahta Hai,NR,2001,3 hr 3 min,"8.1(76,921)"
483,484,Tokyo Story,NR,1953,2 hr 16 min,"8.1(76,665)"
484,485,Blackfish,PG-13,2013,1 hr 24 min,"8.1(75,761)"
485,486,The End of Evangelion,TV-MA,1997,1 hr 25 min,"8.1(75,102)"
486,487,The Battle of Algiers,NR,1966,2 hr 1 min,"8.1(74,756)"
487,488,Jaane Bhi Do Yaaro,NR,1983,2 hr 12 min,"8.3(18,037)"
488,489,Dances with Wolves,PG-13,1990,3 hr 1 min,"8.0(307,747)"
489,490,The Wages of Fear,NR,1953,2 hr 28 min,"8.1(73,002)"
490,491,Diabolique,NR,1955,1 hr 56 min,"8.1(72,680)"
491,492,The Graduate,PG,1967,1 hr 45 min,"8.0(301,414)"
492,493,All Quiet on the Western Front,NR,1930,2 hr 14 min,"8.1(71,621)"
493,494,Dog Day Afternoon,R,1975,2 hr 5 min,"8.0(286,476)"
494,495,Agent Sai Srinivasa Athreya,NR,2019,2 hr 28 min,"8.3(17,501)"
495,496,Fanny and Alexander,R,1982,"8.1(69,954)",100
496,497,Queen,NR,2013,2 hr 26 min,"8.1(69,745)"
497,498,Oh My God,NR,2012,2 hr 10 min,"8.1(68,946)"
498,499,Amores perros,R,2000,2 hr 33 min,"8.0(271,447)"
499,500,My Octopus Teacher,TV-G,2020,1 hr 25 min,"8.1(68,778)"
500,501,Rangasthalam,NR,2018,2 hr 53 min,"8.2(30,699)"
501,502,Bo Burnham: Make Happy,TV-MA,2016,1 hr,"8.3(17,313)"
502,503,Satya,NR,1998,2 hr 51 min,"8.3(17,207)"
503,504,Lion,PG-13,2016,2 hr 9 min,"8.0(263,268)"
504,505,The Passion of Joan of Arc,Passed,1928,1 hr 54 min,"8.1(67,728)"
505,506,Kahaani,NR,2012,2 hr 2 min,"8.1(67,697)"
506,507,Lion,PG-13,2015,1 hr 10 min,"8.0(251,128)"
507,508,Rosemary's Baby,R,1968,2 hr 16 min,"8.0(250,536)"
508,509,Gandhi,PG,1982,3 hr 8 min,"8.0(245,835)"
509,510,Ip Man,R,2010,1 hr 46 min,"8.0(242,486)"
510,511,The Voice of Hind Rajab,2025,1 hr 29 min,"8.3(16,823)",81
511,512,Butch Cassidy and the Sundance Kid,PG,1969,1 hr 52 min,"8.0(237,821)"
512,513,The Diamond Arm,NR,1968,1 hr 40 min,"8.3(16,674)"
513,514,The Studio,TV-MA,2024,50 min,"8.1(63,762)"
514,515,Before the Flood,PG,2016,1 hr 35 min,"8.2(29,120)"
515,516,A Man Escaped,NR,1956,1 hr 39 min,"8.2(29,090)"
516,517,Sholay,NR,1975,195 hr,"8.1(62,815)"
517,518,Akira,R,1988,2 hr 5 min,"8.0(223,673)"
518,519,2018,TV-14,2023,2 hr 29 min,"8.3(16,440)"
519,520,Sairat,NR,2016,3 hr,"8.3(16,213)"
520,521,Contratiempo,TV-MA,2016,1 hr 46 min,"8.0(211,110)"
521,522,PLANET OF THE APES 10-MOVIE COLLECTION,G,1968,1 hr 52 min,"8.0(208,875)"
522,523,Planet of the Apes,G,1968,1 hr 52 min,"8.0(208,875)"
523,524,If....,R,1968,1 hr 51 min,"8.0(208,875)"
524,525,Cinderella Man,PG-13,2005,2 hr 24 min,"8.0(207,429)"
525,526,CODA,PG-13,2021,1 hr 51 min,"8.0(204,556)"
526,527,A Trip to the Moon,TV-Y,1902,13 min,"8.1(58,712)"
527,528,Castle in the Sky (English Language),PG,1986,2 hr 5 min,"8.0(196,825)"
528,529,Cool Hand Luke,Approved,1967,2 hr 6 min,"8.0(196,818)"
529,530,Nausicaa of the Valley of the Wind (English Language),PG,1984,1 hr 58 min,"8.0(195,783)"
530,531,Paper Moon,PG,1973,1 hr 42 min,"8.1(57,050)"
531,532,Batman: Under the Red Hood,PG-13,2010,1 hr 15 min,"8.1(56,401)"
532,533,In the Mood for Love,PG,2000,1 hr 38 min,"8.0(184,505)"
533,534,Samurai Rebellion,NR,1967,2 hr 8 min,"8.3(15,530)"
534,535,Sunrise,Passed,1927,1 hr 34 min,"8.1(55,712)"
535,536,JFK,R,1992,3 hr 9 min,"8.0(180,141)"
536,537,Young Frankenstein,PG,1974,1 hr 46 min,"8.0(179,473)"
537,538,Nights of Cabiria,NR,1957,1 hr 57 min,"8.1(54,943)"
538,539,Obsession (2026),r,2026,1 hr 48 min,"8.0(176,988)"
539,540,The Message,PG,1977,2 hr 58 min,"8.1(54,406)"
540,541,Wolf Children (Original Japanese Version),PG,2012,1 hr 57 min,"8.1(54,215)"
541,542,Dogville,R,2003,2 hr 58 min,"8.0(167,066)"
542,543,"Mohammad, Messenger of God",PG,1976,2 hr 57 min,"8.1(52,706)"
543,544,Khosla Ka Ghosla,NR,2006,2 hr 10 min,"8.2(25,465)"
544,545,Hirak Rajar Deshe,NR,1980,1 hr 58 min,"8.8(3,211)"
545,546,Roman Holiday,Approved,1953,1 hr 58 min,"8.0(157,737)"
546,547,Stalker,NR,1979,2 hr 43 min,"8.0(155,355)"
547,548,Stalker [In Russian without English Subtitles],NR,1980,2 hr 42 min,"8.0(155,355)"
548,549,No Other Land,NR,2024,1 hr 32 min,"8.3(14,732)"
549,550,Tangerines,NR,2013,1 hr 27 min,"8.1(50,510)"
550,551,Bowling for Columbine,R,2002,2 hr,"8.0(151,563)"
551,552,Aruvi,NR,2017,2 hr 10 min,"8.3(14,629)"
552,553,Baahubali: The Beginning,NR,2015,2 hr 38 min,"8.0(148,835)"
553,554,To Be or Not to Be,NR,1942,1 hr 39 min,"8.1(49,513)"
554,555,Close-Up,NR,1990,1 hr 40 min,"8.2(24,478)"
555,556,Thoovanathumbikal,1987,2 hr 31 min,"8.6(5,110)",
556,557,Papillon,R,1973,2 hr 31 min,"8.0(145,206)"
557,558,The Hound of the Baskervilles,TV-PG,1981,2 hr 27 min,"8.5(6,826)"
558,559,Udaan (English Subtitles),NR,2007,2 hr 12 min,"8.1(48,822)"
559,560,Zeitgeist: The Movie,NR,2007,2 hr 2 min,"8.1(48,342)"
560,561,Persona,NR,1966,1 hr 25 min,"8.0(139,387)"
561,562,Live! Anthony Kovic Interviews Earl Christy Defensive Back Super Bowl III,NR,43 min,"8.8(3,137)",
562,563,A Close Shave,TV-PG,1995,30 min,"8.1(47,544)"
563,564,Avatar,PG-13,2009,2 hr 42 min,"7.9(1,486,308)"
564,565,The 400 Blows,NR,1959,1 hr 39 min,"8.0(134,367)"
565,566,Justice League: The Flashpoint Paradox,PG-13,2013,1 hr 15 min,"8.1(46,318)"
566,567,8½,NR,1963,2 hr 18 min,"8.0(131,757)"
567,568,8 1/2,NR,1963,2 hr 18 min,"8.0(131,757)"
568,569,"Kidnapping, Caucasian Style",TV-13,1967,1 hr 17 min,"8.3(13,967)"
569,570,Violet Evergarden: The Movie,NR,2020,2 hr 20 min,"8.3(13,914)"
570,571,Rocco and His Brothers,NR,1960,2 hr 27 min,"8.2(23,038)"
571,572,Iron Man,PG-13,2008,2 hr 6 min,"7.9(1,223,183)"
572,573,Portrait of a Lady on Fire,R,2019,2 hr,"8.0(126,866)"
573,574,Mihai Viteazul,1971,3 hr 23 min,"8.5(6,596)",
574,575,Gentlemen of Fortune,TV-13,1971,1 hr 28 min,"8.3(13,658)"
575,576,The Young And The Damned,NR,1950,1 hr 20 min,"8.2(22,473)"
576,577,Perfect Blue,R,2019,1 hr 22 min,"8.0(119,036)"
577,578,Tropa de Elite,R,2008,1 hr 58 min,"8.0(118,669)"
578,579,Elite Squad,R,2007,1 hr 54 min,"8.0(118,669)"
579,580,Bo Burnham: what.,NR,2013,1 hr 1 min,"8.3(13,498)"
580,581,The Red Shoes,NR,1948,2 hr 15 min,"8.1(43,127)"
581,582,Chupke Chupke,NR,1975,2 hr 7 min,"8.3(13,442)"
582,583,Breathe,TV-MA,2018,4 min,"8.2(21,974)"
583,584,Thor: Ragnarok,PG-13,2017,2 hr 10 min,"7.9(892,533)"
584,585,Knives Out,PG-13,2019,2 hr 10 min,"7.9(875,016)"
585,586,Touch of Evil,PG-13,1958,1 hr 36 min,"8.0(113,369)"
586,587,The Diving Bell and the Butterfly,PG-13,2007,1 hr 52 min,"8.0(112,676)"
587,588,Arrival,PG-13,2016,1 hr 56 min,"7.9(852,057)"
588,589,Michael Jackson: Live In Bucharest - The Dangerous Tour,NR,2013,2 hr 2 min,"9.0(2,069)"
589,590,Autumn Sonata,PG,1978,1 hr 39 min,"8.1(41,472)"
590,591,Shrek,PG,2001,1 hr 31 min,"7.9(803,764)"
591,592,Shrek en Espanol,PG,2001,1 hr 30 min,"7.9(803,764)"
592,593,Edge of Tomorrow,PG-13,2014,1 hr 53 min,"7.9(802,767)"
593,594,Ace in the Hole (film),Approved,1951,1 hr 51 min,"8.1(41,390)"
594,595,X-Men: Days of Future Past,PG-13,2014,"7.9(786,991)",75
595,596,Harry Potter and the Prisoner of Azkaban,PG,2004,2 hr 16 min,"7.9(761,199)"
596,597,Thaniyavarthanam,NR,1987,1 hr 59 min,"8.8(3,008)"
597,598,District 9,R,2009,1 hr 52 min,"7.9(748,028)"
598,599,The Night of the Hunter,Approved,1955,1 hr 33 min,"8.0(106,383)"
599,600,The Straight Story,G,1999,1 hr 52 min,"8.0(106,340)"
600,601,La Grande Illusion,NR,1937,1 hr 54 min,"8.1(40,437)"
601,602,Grand Illusion,NR,1938,1 hr 54 min,"8.1(40,437)"
602,603,Louis C.K.: Hilarious,NR,2010,1 hr 24 min,"8.3(12,985)"
603,604,Life of Pi,PG,2012,2 hr 6 min,"7.9(697,056)"
604,605,Sling Blade,R,1996,"8.0(104,179)",85
605,606,Mudhalvan,NR,1999,"8.4(8,729)",
606,607,Pudhupettai,NR,2006,2 hr 50 min,"8.4(8,728)"
607,608,Persepolis,PG-13,2007,1 hr 35 min,"8.0(102,920)"
608,609,Rififi,NR,1955,1 hr 58 min,"8.1(37,695)"
609,610,Toy Story 2,G,1999,1 hr 32 min,"7.9(663,076)"
610,611,The Kingdom,TV-MA,1994,"8.2(20,837)",
611,612,Late Spring,NR,1949,1 hr 48 min,"8.2(20,798)"
612,613,Mandela,2021,2 hr 20 min,"8.4(8,681)",
613,614,Bohemian Rhapsody,PG-13,2018,2 hr 14 min,"7.9(638,785)"
614,615,1 ,PG-13,2009,"7.9(636,122)",82
615,616,Star Trek,PG-13,2009,2 hr 6 min,"7.9(636,122)"
616,617,Sankarabharanam,NR,1979,2 hr 23 min,"8.9(2,439)"
617,618,Talvar,NR,2015,2 hr 12 min,"8.1(38,990)"
618,619,Thuppakki,NR,2012,2 hr 45 min,"8.1(38,672)"
619,620,Festen,R,1998,1 hr 45 min,"8.0(98,330)"
620,621,The Celebration,R,1998,1 hr 45 min,"8.0(98,330)"
621,622,The Perks of Being a Wallflower,PG-13,2012,1 hr 42 min,"7.9(594,589)"
622,623,The Circus,G,1928,1 hr 10 min,"8.1(38,179)"
623,624,Article 15,NR,2019,2 hr 10 min,"8.1(38,070)"
624,625,Children of Men,R,2006,1 hr 49 min,"7.9(557,669)"
625,626,White Heat,Approved,1949,1 hr 53 min,"8.1(37,721)"
626,627,Raise the Red Lantern,PG,1991,2 hr 5 min,"8.1(37,672)"
627,628,Dallas Buyers Club,R,2013,1 hr 57 min,"7.9(545,550)"
628,629,Mahanadi,1994,2 hr 42 min,"8.6(4,639)",
629,630,Black,NR,2005,2 hr 2 min,"8.1(37,159)"
630,631,Mystic River,R,2003,2 hr 17 min,"7.9(515,917)"
631,632,In Bruges,R,2008,1 hr 47 min,"7.9(490,275)"
632,633,Elite Squad: The Enemy Within,NR,2010,1 hr 56 min,"8.0(90,211)"
633,634,"Spring, Summer, Fall, Winter... and Spring",R,2003,1 hr 43 min,"8.0(90,118)"
634,635,Farha,TV-14,2021,1 hr 32 min,"8.0(90,001)"
635,636,Jojo Rabbit,PG-13,2019,1 hr 48 min,"7.9(483,917)"
636,637,Sigur Ros: Heima,2007,1 hr 37 min,"8.4(8,357)",
637,638,Farewell My Concubine,R,1993,2 hr 51 min,"8.1(36,364)"
638,639,Pink Floyd The Wall,R,1982,1 hr 35 min,"8.0(89,354)"
639,640,Zack Snyder's Justice League,R,2021,4 hr 2 min,"7.9(472,346)"
640,641,Guardians of the Galaxy Vol. 3,PG-13,2023,2 hr 30 min,"7.9(470,167)"
641,642,E.T. The Extra-Terrestrial,PG,1982,1 hr 55 min,"7.9(468,998)"
642,643,Ivan Vasilyevich Changes Occupation,TV-G,1973,1 hr 27 min,"8.2(19,477)"
643,644,Anand,NR,1971,1 hr 57 min,"8.1(35,928)"
644,645,The Sea Inside,PG-13,2004,2 hr 5 min,"8.0(87,307)"
645,646,Super Deluxe,NR,2019,2 hr 55 min,"8.2(19,290)"
646,647,Dhruvangal Pathinaru,NR,2016,1 hr 44 min,"8.2(19,265)"
647,648,16 Every Detail Counts,NR,2017,104 hr,"8.2(19,265)"
648,649,The Snowman,G,1982,26 min,"8.2(19,130)"
649,650,La Dolce Vita,TV-14,1960,2 hr 54 min,"8.0(84,821)"
650,651,Paris Is Burning,1990,1 hr 18 min,,
651,652,Paris Is Burning,R,1991,1 hr 18 min,"8.2(19,088)"
652,653,Seaspiracy,TV-14,2021,1 hr 29 min,"8.1(35,046)"
653,654,Dilwale Dulhania Le Jayenge,NR,1995,3 hr 9 min,"8.0(84,286)"
654,655,Mulholland Drive,R,2001,2 hr 26 min,"7.9(415,244)"
655,656,Who's Afraid of Virginia Woolf?,Approved,1966,2 hr 11 min,"8.0(83,779)"
656,657,Shahid,NR,2013,"8.2(18,970)",
657,658,The Nightmare Before Christmas,PG,1993,1 hr 15 min,"7.9(409,668)"
658,659,Tim Burton,PG,1993,1 hr 16 min,"7.9(409,668)"
659,660,Baasha,NR,1995,"8.3(11,855)",
660,661,Z,M/PG,1969,2 hr 7 min,"8.1(34,409)"
661,662,Paradise Lost: The Child Murders at Robin Hood Hills,NR,1996,2 hr 30 min,"8.2(18,770)"
662,663,Kilukkam,1991,2 hr 35 min,"8.6(4,492)",
663,664,Boyhood,R,2014,2 hr 44 min,"7.9(378,193)"
664,665,Time of the Gypsies,R,1989,2 hr 22 min,"8.1(33,828)"
665,666,Marriage Story,R,2019,2 hr 16 min,"7.9(369,658)"
666,667,Opasen char,1984,1 hr 27 min,"9.0(1,965)",
667,668,American Hood Story,TV-MA,2021,33 min,"7.9(360,721)"
668,669,Major,NR,2022,2 hr 29 min,"8.1(33,557)"
669,670,Nindha,2024,2 hr 5 min,"9.0(1,963)",
670,671,Ordet,NR,1955,2 hr 6 min,"8.2(18,426)"
671,672,Yi Yi,NR,2000,2 hr 54 min,"8.1(33,452)"
672,673,Inherit the Wind,PG,1960,2 hr 8 min,"8.1(33,439)"
673,674,Lion of the Desert,PG,1981,3 hr 26 min,"8.2(18,392)"
674,675,Godfather,NR,1991,2 hr 30 min,"8.6(4,448)"
675,676,Masaan,2015,1 hr 45 min,"8.1(33,148)",
676,677,Sicko,PG-13,2007,2 hr 3 min,"8.0(77,185)"
677,678,Anatomy of a Murder,Approved,1959,2 hr 40 min,"8.0(76,917)"
678,679,Taylor Swift Reputation Stadium Tour,TV-PG,2018,2 hr 5 min,"8.4(7,944)"
679,680,Maheshinte Prathikaaram,NR,2016,2 hr,"8.3(11,473)"
680,681,The Wrestler,R,2008,1 hr 55 min,"7.9(330,212)"
681,682,Zeitgeist: The Addendum,NR,2008,2 hr 3 min,"8.2(17,980)"
682,683,The Cabinet of Dr. Caligari,NR,1920,1 hr 11 min,"8.0(74,697)"
683,684,Almost Famous,R,2000,2 hr 3 min,"7.9(313,640)"
684,685,Casi famosos,R,2000,2 hr 2 min,"7.9(313,640)"
685,686,The Legend of 1900,R,1998,2 hr 40 min,"8.0(73,273)"
686,687,Ghilli,NR,2004,2 hr 22 min,"8.2(17,682)"
687,688,M.S. Dhoni: The Untold Story,NR,2016,3 hr 10 min,"8.0(71,851)"
688,689,Rio Bravo,Approved,1959,2 hr 21 min,"8.0(71,739)"
689,690,Fantastic Mr. Fox,PG,2009,"7.9(296,911)",83
690,691,Boogie Nights,R,1997,2 hr 35 min,"7.9(294,236)"
691,692,"Crouching Tiger, Hidden Dragon",PG13,2000,2 hr,"7.9(293,086)"
692,693,Kaththi,NR,2014,2 hr 46 min,"8.1(31,200)"
693,694,Annie Hall,PG,1977,1 hr 33 min,"7.9(289,401)"
694,695,1977,PG,1977,"7.9(289,401)",92
695,696,Khakee,NR,2017,2 hr 36 min,"8.2(17,437)"
696,697,Theeran Adhigaaram Ondru,NR,2017,2 hr 36 min,"8.2(17,437)"
697,698,G.O.R.A.,2004,"8.0(70,158)",,
698,699,A Personal Journey with Martin Scorsese Through American Movies,1995,3 hr 45 min,"8.6(4,321)",
699,700,Never Sleep Again: The Elm Street Legacy,NR,2010,4 hr,"8.6(4,319)"
700,701,La Strada,NR,1954,1 hr 48 min,"8.0(68,802)"
701,702,Umberto D.,NR,1952,1 hr 29 min,"8.1(30,490)"
702,703,Michael Madana Kama Rajan,NR,1990,2 hr 42 min,"8.5(5,596)"
703,704,Friends: The Reunion,PG,2021,"8.0(67,227)",
704,705,What Ever Happened to Baby Jane?,Approved,1960,2 hr 14 min,"8.0(67,202)"
705,706,Jane,TV-PG,1962,54 min,"8.0(67,202)"
706,707,True Romance,R,1993,2 hr 1 min,"7.9(259,434)"
707,708,Song of the Sea,PG,2014,1 hr 33 min,"8.0(66,752)"
708,709,A Fistful of Dollars,R,1964,1 hr 40 min,"7.9(253,277)"
709,710,The Holdovers,R,2023,2 hr 13 min,"7.9(247,029)"
710,711,Carlito's Way,R,1993,2 hr 24 min,"7.9(244,420)"
711,712,Iruvar,1997,2 hr 45 min,"8.4(7,497)",
712,713,Aaranya Kaandam,NR,2010,2 hr 40 min,"8.5(5,524)"
713,714,Jean De Florette,NR,1986,2 hr 1 min,"8.1(29,191)"
714,715,Mommy,R,2015,2 hr 14 min,"8.0(63,424)"
715,716,Le Samourai,PG,1967,1 hr 41 min,"8.0(63,197)"
716,717,Ashi Hi Banwa Banwi,1988,2 hr 17 min,"9.0(1,887)",
717,718,Roger Waters The Wall,R,2015,2 hr 13 min,"8.5(5,484)"
718,719,Aparajito,NR,1956,1 hr 53 min,"8.2(16,466)"
719,720,Underground,NR,1995,2 hr 47 min,"8.0(62,796)"
720,721,The Blues Brothers,R,1980,2 hr 13 min,"7.9(228,045)"
721,722,Apollo 11,G,2019,1 hr 33 min,"8.1(28,572)"
722,723,Special 26,NR,2013,2 hr 24 min,"8.0(62,015)"
723,724,Millenium,NR,2009,2 hr 32 min,"8.3(10,551)"
724,725,The Girl Who Kicked the Hornet's Nest: Extended Edition,NR,2011,3 hr 5 min,"8.3(10,551)"
725,726,Waltz with Bashir,R,2008,1 hr 26 min,"8.0(61,713)"
726,727,Aa Naluguru,2004,"8.6(4,184)",,
727,728,Everything's Gonna Be Great,1999,1 hr 47 min,"8.1(28,238)",
728,729,The Tale of The Princess Kaguya,PG,2014,2 hr 17 min,"8.0(60,590)"
729,730,Andrei Rublev,R,1966,3 hr 25 min,"8.0(60,197)"
730,731,Andrei Rublev [Subtitled],R,1973,3 hr 25 min,"8.0(60,197)"
731,732,Louis C.K.: Live at the Beacon Theater,NR,2011,1 hr 3 min,"8.3(10,435)"
732,733,Ugetsu,NR,1953,1 hr 34 min,"8.1(27,766)"
733,734,Citizenfour,R,2014,1 hr 54 min,"8.0(59,523)"
734,735,Throne of Blood,NR,1957,1 hr 45 min,"8.0(59,315)"
735,736,George Carlin: Jammin' in New York,NR,1992,59 min,"8.6(4,144)"
736,737,A Christmas Carol - Restored and In Color!,Approved,1935,1 hr,"8.1(27,655)"
737,738,Sarfarosh,NR,1999,2 hr 35 min,"8.1(27,563)"
738,739,Haider,NR,2014,2 hr 42 min,"8.0(58,694)"
739,740,A Short Film About Love,NR,1988,1 hr 26 min,"8.1(27,348)"
740,741,"Black Cat, White Cat",R,1998,2 hr 3 min,"8.0(58,149)"
741,742,Army of Shadows,NR,1969,2 hr 19 min,"8.1(27,228)"
742,743,Winter Sleep,NR,2014,3 hr 16 min,"8.0(57,651)"
743,744,Wonder,PG,2017,1 hr 53 min,"7.9(195,058)"
744,745,Hero,PG-13,2002,1 hr 39 min,"7.9(193,495)"
745,746,Departures,PG-13,2008,2 hr 11 min,"8.0(57,249)"
746,747,Cowspiracy,NR,2014,1 hr 31 min,"8.1(26,874)"
747,748,The Twilight Samurai,2002,2 hr 9 min,"8.1(26,811)",82
748,749,Andaz Apna Apna,NR,1994,2 hr 41 min,"8.0(56,036)"
749,750,Before Midnight,R,2013,1 hr 48 min,"7.9(183,223)"
750,751,The Last Picture Show,R,1971,1 hr 58 min,"8.0(55,559)"
751,752,Padaiyappa,1999,172 hr,"8.3(10,033)",
752,753,I Am a Fugitive From a Chain Gang,Approved,1932,1 hr 33 min,"8.2(15,317)"
753,754,Athadu,NR,2005,2 hr 52 min,"8.2(15,313)"
754,755,A Moment to Remember,PG-13,2004,2 hr 24 min,"8.1(26,168)"
755,756,"Batman: The Dark Knight Returns, Part 1",PG-13,2012,1 hr 16 min,"8.0(54,214)"
756,757,A Christmas Story,PG,1983,1 hr 33 min,"7.9(175,091)"
757,758,The Maltese Falcon,NR,1941,1 hr 41 min,"7.9(173,603)"
758,759,Ghost in the Shell,TV-MA,1995,1 hr 22 min,"7.9(171,829)"
759,760,Miracle In Cell No. 7,2013,2 hr 7 min,"8.1(25,633)",
760,761,The Fog of War,PG-13,2003,1 hr 47 min,"8.1(25,488)"
761,762,Rope,PG,1948,1 hr 20 min,"7.9(164,845)"
762,763,Kannathil Muthamittal,NR,2002,2 hr 10 min,"8.3(9,788)"
763,764,A Peck on the Cheek,NR,2002,2 hr 17 min,"8.3(9,788)"
764,765,Hearts of Darkness: A Filmmaker's Apocalypse,R,1991,1 hr 36 min,"8.1(25,187)"
765,766,Lage Raho Munna Bhai,NR,2006,2 hr 24 min,"8.0(51,250)"
766,767,The Look of Silence,PG-13,2015,1 hr 43 min,"8.2(14,716)"
767,768,Feast,G,2014,6 min,"8.1(24,831)"
768,769,Secrets & Lies,R,1996,2 hr 22 min,"8.0(50,519)"
769,770,Fiddler on the Roof,G,1971,3 hr 1 min,"8.0(50,492)"
770,771,This Is Spinal Tap,R,1984,1 hr 22 min,"7.9(153,607)"
771,772,Central Station,R,1998,1 hr 53 min,"8.0(50,302)"
772,773,Jo Jeeta Wohi Sikandar,NR,1992,2 hr 56 min,"8.1(24,617)"
773,774,A Brighter Summer Day,NR,1991,3 hr 57 min,"8.2(14,580)"
774,775,Pink,NR,2016,2 hr 16 min,"8.0(49,994)"
775,776,Partly Cloudy,G,2009,"8.1(24,558)",
776,777,Spartacus,PG-13,1960,3 hr 4 min,"7.9(150,618)"
777,778,Harry Potter 20th Anniversary: Return to Hogwarts,TV-PG,2022,"8.0(49,730)",
778,779,In Harihar Nagar,NR,1990,2 hr 7 min,"8.6(3,940)"
779,780,Strangers on a Train,PG,1951,1 hr 41 min,"7.9(148,941)"
780,781,Vaaranam Aayiram,NR,2008,"8.2(14,304)",
781,782,Pushpak,1988,2 hr 11 min,"8.6(3,907)",
782,783,Love Today,1997,2 hr 40 min,"8.7(3,117)",
783,784,Viduthalai: Part 1,NR,2023,2 hr 16 min,"8.3(9,435)"
784,785,"It's the Great Pumpkin, Charlie Brown",TV-G,1966,25 min,"8.1(23,701)"
785,786,All the President's Men,PG,1976,2 hr 18 min,"7.9(136,888)"
786,787,The Raid 2: Berandal,R,2014,2 hr 28 min,"7.9(136,515)"
787,788,Safety Last!,NR,1923,1 hr 10 min,"8.1(23,503)"
788,789,George Carlin: It's Bad for Ya,NR,2008,1 hr 9 min,"8.4(6,666)"
789,790,We Are Not Angels,1994,1 hr 38 min,"8.3(9,346)",
790,791,1: Nenokkadine,NR,2014,2 hr 44 min,"8.0(46,796)"
791,792,Psychic,TVMA,2014,1 hr 23 min,"9.4(1,017)"
792,793,Jigarthanda,NR,2014,2 hr 43 min,"8.2(13,734)"
793,794,The Easy Life,NR,1962,1 hr 45 min,"8.2(13,728)"
794,795,Il sorpasso,NR,1962,1 hr 45 min,"8.2(13,728)"
795,796,Soodhu Kavvum,NR,2013,2 hr 13 min,"8.2(13,661)"
796,797,The Hidden Fortress,NR,1958,2 hr 18 min,"8.0(44,452)"
797,798,Wolfwalkers,PG,2020,1 hr 42 min,"8.0(44,353)"
798,799,Do the Right Thing,R,1989,2 hr,"7.9(123,086)"
799,800,Dancer in the Dark,R,2000,2 hr 20 min,"7.9(122,419)"
800,801,Shop Around the Corner,Approved,1940,1 hr 39 min,"8.0(43,937)"
801,802,Sanjuro,NR,1962,1 hr 36 min,"8.0(43,865)"
802,803,Flow,PG,2024,1 hr 24 min,"7.9(121,667)"
803,804,Out of the Past,Approved,1947,1 hr 37 min,"8.0(43,770)"
804,805,Talk to Her,R,2002,1 hr 52 min,"7.9(120,861)"
805,806,The Remarkable Life of Ibelin,PG-13,2024,1 hr 46 min,"8.2(13,489)"
806,807,Champion,NR,2018,1 hr 48 min,"8.2(13,452)"
807,808,Champion,NR,2019,1 hr 43 min,"8.2(13,452)"
808,809,A Streetcar Named Desire,PG,1951,2 hr 2 min,"7.9(118,939)"
809,810,My Name Is Khan,PG-13,2010,2 hr 41 min,"7.9(118,527)"
810,811,Where Is My Friend's House?,NR,1987,1 hr 23 min,"8.1(21,956)"
811,812,Where Is the Friend's Home?,NR,1987,1 hr 23 min,"8.1(21,956)"
812,813,Where Is the Friend's House?,NR,1993,1 hr 24 min,"8.1(21,956)"
813,814,Ivan's Childhood,NR,1962,1 hr 35 min,"8.0(42,671)"
814,815,High Noon,PG,1952,1 hr 25 min,"7.9(115,927)"
815,816,The Hobbit: An Unexpected Journey,PG-13,2012,"7.8(926,871)",58
816,817,Captain America: Civil War,PG-13,2016,"7.8(925,892)",75
817,818,The Batman,PG-13,2022,"7.8(923,764)",72
818,819,Satantango,NR,1994,7 hr 30 min,"8.2(13,284)"
819,820,The Miracle Worker,Approved,1962,1 hr 46 min,"8.1(21,817)"
820,821,Going Clear: Scientology and the Prison of Belief,R,2015,1 hr 59 min,"8.0(42,081)"
821,822,Notorious,Approved,1946,1 hr 41 min,"7.9(113,367)"
822,823,Rudolph The Red Nosed Reindeer,Approved,1964,51 min,"8.0(41,998)"
823,824,Tae Guk Gi: The Brotherhood of War,R,2004,2 hr 29 min,"8.0(41,969)"
824,825,Taegukgi,R,2004,2 hr 28 min,"8.0(41,969)"
825,826,Patton,PG,1970,2 hr 52 min,"7.9(112,477)"
826,827,General Patton,PG,1960,28 min,"7.9(112,477)"
827,828,The Beatles: Get Back - The Rooftop Concert,PG-13,2022,1 hr,"8.9(2,052)"
828,829,The Dawn Wall,NR,2018,1 hr 40 min,"8.1(21,571)"
829,830,Kind Hearts and Coronets,Approved,1950,1 hr 46 min,"8.0(41,532)"
830,831,The Last Waltz,PG,1978,1 hr 57 min,"8.1(21,446)"
831,832,The Band - Classic Album: The Band,PG,2015,59 min,"8.1(21,446)"
832,833,Amour,PG-13,2012,2 hr 7 min,"7.9(110,140)"
833,834,Get Out,R,2018,3 min,"7.8(814,293)"
834,835,Get Out,R,2017,1 hr 43 min,"7.8(814,293)"
835,836,The Social Network,PG-13,2010,2 hr,"7.8(812,001)"
836,837,Dunkirk,PG-13,2017,1 hr 46 min,"7.8(800,591)"
837,838,The Red Balloon,TV-G,1956,35 min,"8.1(21,338)"
838,839,Chungking Express,PG-13,1995,1 hr 42 min,"7.9(108,698)"
839,840,Skyfall,PG-13,2012,2 hr 23 min,"7.8(768,360)"
840,841,"Quo Vadis, Aida?",TV-MA,2020,1 hr 44 min,"8.0(40,598)"
841,842,Drive,R,2011,1 hr 35 min,"7.8(761,197)"
842,843,Soundtrack,R,2011,2 hr 12 min,"7.8(761,197)"
843,844,The Hobbit: The Desolation of Smaug,PG-13,2013,"7.8(752,978)",66
844,845,Rogue One: A Star Wars Story,PG-13,2016,2 hr 13 min,"7.8(748,381)"
845,846,Kuruthipunal,NR,1995,2 hr 17 min,"8.5(4,742)"
846,847,Drohi - Telugu,NR,1995,2 hr 13 min,"8.5(4,742)"
847,848,The Curious Case of Benjamin Button,PG-13,2008,2 hr 45 min,"7.8(740,633)"
848,849,Home Alone,PG,1990,1 hr 43 min,"7.8(739,162)"
849,850,George Carlin: Back in Town,NR,1996,1 hr 3 min,"8.6(3,699)"
850,851,Sing Street,PG-13,2016,1 hr 45 min,"7.9(105,600)"
851,852,The Killing,Approved,1956,1 hr 23 min,"7.9(105,025)"
852,853,The Hateful Eight,R,2016,2 hr 56 min,"7.8(718,072)"
853,854,Solaris,PG,1976,2 hr 45 min,"7.9(104,549)"
854,855,Perfect Days,PG,2024,2 hr 5 min,"7.9(103,770)"
855,856,The Notebook,PG-13,2004,2 hr 3 min,"7.8(686,952)"
856,857,Vizontele,2001,1 hr 50 min,"8.0(39,587)",
857,858,Cast Away,PG-13,2000,2 hr 23 min,"7.8(676,631)"
858,859,War and Peace,GP,1967,8 hr 4 min,"8.3(8,619)"
859,860,Nightcrawler,R,2014,1 hr 57 min,"7.8(662,221)"
860,861,Masumiyet,1997,1 hr 50 min,"8.1(20,651)",
861,862,Ocean with David Attenborough,2025,1 hr 35 min,"8.5(4,689)",93
862,863,Sirai Chaalai,1996,"8.5(4,686)",,
863,864,Kala Pani,1996,"8.5(4,686)",,
864,865,Sweet Smell Of Success,Approved,1957,1 hr 36 min,"8.0(38,962)"
865,866,Shaun of the Dead,R,2004,1 hr 39 min,"7.8(630,456)"
866,867,Back to the Future Part II,PG,1989,1 hr 48 min,"7.8(620,762)"
867,868,Once Upon a Studio,G,"8.3(8,532)",,
868,869,The Bourne Identity,PG-13,2002,1 hr 58 min,"7.8(609,951)"
869,870,The King of Kong: A Fistful of Quarters,PG-13,2007,1 hr 19 min,"8.0(37,998)"
870,871,King Kong,Approved,1933,1 hr 44 min,"7.9(95,138)"
871,872,Edward Scissorhands,PG-13,1990,1 hr 45 min,"7.8(562,377)"
872,873,Dead Right,R,2007,39 min,"7.8(561,398)"
873,874,Hot Fuzz,R,2007,1 hr 56 min,"7.8(561,398)"
874,875,The Wild Bunch,R,1969,2 hr 24 min,"7.9(94,717)"
875,876,Shoplifters,R,2018,2 hr 1 min,"7.9(94,390)"
876,877,Short Term 12,R,2013,1 hr 36 min,"7.9(94,379)"
877,878,The Big Sleep,Approved,1946,1 hr 55 min,"7.9(94,158)"
878,879,Big Hero 6,PG,2014,"7.8(548,572)",74
879,880,Little Miss Sunshine,R,2006,1 hr 43 min,"7.8(546,052)"
880,881,The Big Short,R,2015,2 hr 10 min,"7.8(532,875)"
881,882,The Exterminating Angel,NR,1962,1 hr 33 min,"8.0(37,060)"
882,883,The Girl with the Dragon Tattoo,R,2011,"7.8(525,793)",71
883,884,"Au revoir, les enfants",PG,1987,1 hr 44 min,"8.0(36,834)"
884,885,Captain Phillips,PG-13,2013,"7.8(516,908)",82
885,886,Training Day,R,2001,2 hr 2 min,"7.8(516,062)"
886,887,The Hustler,NR,1961,2 hr 14 min,"7.9(90,589)"
887,888,Predator,R,1987,1 hr 47 min,"7.8(499,718)"
888,889,The Last Samurai,R,2003,2 hr 40 min,"7.8(499,167)"
889,890,A Face in the Crowd,Approved,1957,2 hr 5 min,"8.1(19,518)"
890,891,Ghostbusters,PG,1984,1 hr 47 min,"7.8(486,775)"
891,892,American Gangster,R,2007,"7.8(483,108)",76
892,893,The Breakfast Club,R,1985,1 hr 37 min,"7.8(469,508)"
893,894,The Irishman,R,2019,3 hr 29 min,"7.8(468,945)"
894,895,In the Heat of the Night,NR,1967,1 hr 49 min,"7.9(87,737)"
895,896,The Gentlemen,R,2020,1 hr 53 min,"7.8(452,815)"
896,897,Doctor Zhivago,PG-13,1965,3 hr 17 min,"7.9(86,506)"
897,898,Ballad of a Soldier,NR,1959,1 hr 28 min,"8.2(11,927)"
898,899,Eddie Murphy: Delirious,NR,1983,1 hr 9 min,"8.1(19,033)"
899,900,For the Birds,G,2001,3 min,"8.0(35,068)"
900,901,Nobody Knows,PG-13,2004,2 hr 21 min,"8.0(35,056)"
901,902,About Time,R,2013,2 hr 3 min,"7.8(429,483)"
902,903,The House of Small Cubes,NR,2008,12 min,"8.2(11,879)"
903,904,Zeitgeist: Moving Forward,NR,2011,2 hr 41 min,"8.1(18,939)"
904,905,The Color of Paradise,PG,2000,"8.1(18,872)",80
905,906,The Pillars Of The Earth Volume 2,NR,2010,208 hr,"8.0(34,693)"
906,907,I Am Cuba,NR,1964,"8.2(11,828)",91
907,908,The Ten Commandments,G,1956,3 hr 40 min,"7.9(83,457)"
908,909,The Manchurian Candidate,PG-13,1962,2 hr 6 min,"7.9(83,273)"
909,910,Woodstock,R,1970,3 hr 4 min,"8.1(18,818)"
910,911,Ferris Bueller's Day Off,PG-13,1986,1 hr 43 min,"7.8(413,405)"
911,912,Wings of Desire,PG-13,1987,2 hr 7 min,"7.9(82,979)"
912,913,Folklore: The Long Pond Studio Sessions,TV-14,2020,1 hr 46 min,"8.4(5,884)"
913,914,Amaran,2024,2 hr 47 min,"8.1(18,756)",
914,915,The Fighter,R,2010,1 hr 55 min,"7.8(405,736)"
915,916,How to Train Your Dragon 2,PG,2014,"7.8(398,152)",77
916,917,Lucky Baskhar,2024,2 hr 50 min,"8.0(34,107)",
917,918,Section 375,NR,2019,2 hr 4 min,"8.1(18,621)"
918,919,Being There,PG,1979,2 hr 10 min,"7.9(81,303)"
919,920,Moon,R,2009,1 hr 37 min,"7.8(392,806)"
920,921,Goopy Gyne Bagha Byne,1968,2 hr,"8.7(2,828)",
921,922,Kal Ho Naa Ho,NR,2003,3 hr 4 min,"7.9(80,840)"
922,923,Thillu Mullu,1981,2 hr 40 min,"8.6(3,485)",
923,924,Orkestar bez ime,G,1981,1 hr 52 min,"8.8(2,319)"
924,925,Pride and Prejudice,PG,2005,2 hr 9 min,"7.8(368,401)"
925,926,Pride & Prejudice,PG,2025,2 hr 8 min,"7.8(368,401)"
926,927,The Virgin Spring,NR,1959,1 hr 29 min,"8.0(33,263)"
927,928,The Ascent,1978,1 hr 51 min,"8.2(11,540)",
928,929,Apocalypto,R,2006,2 hr 20 min,"7.8(355,188)"
929,930,Arsenic and Old Lace,Approved,1944,1 hr 58 min,"7.9(77,355)"
930,931,Manchester By The Sea,R,2016,2 hr 17 min,"7.8(352,390)"
931,932,The Untouchables,R,1987,1 hr 59 min,"7.8(351,862)"
932,933,Call Me by Your Name,R,2017,2 hr 12 min,"7.8(351,228)"
933,934,The Fugitive,PG-13,1993,2 hr 10 min,"7.8(343,917)"
934,935,They,PG-13,1993,1 hr 40 min,"7.8(343,917)"
935,936,Hope,NR,2013,2 hr 2 min,"8.2(11,399)"
936,937,Paradise,NR,2017,1 hr 47 min,"7.9(75,840)"
937,938,Iqbal,NR,2006,2 hr 42 min,"8.1(17,874)"
938,939,Rome Open City,NR,1945,1 hr 43 min,"8.0(32,253)"
939,940,Atonement,R,2007,2 hr 3 min,"7.8(320,845)"
940,941,Office Romance,NR,1977,2 hr 39 min,"8.2(11,272)"
941,942,Dr. Horrible's Sing-Along Blog,PG-13,2008,"7.8(314,280)",74
942,943,Serenity,PG-13,2005,1 hr 59 min,"7.8(314,280)"
943,944,All Quiet on the Western Front,R,2022,2 hr 27 min,"7.8(310,448)"
944,945,A Special Day,Approved,1977,1 hr 50 min,"8.1(17,571)"
945,946,Pyaasa,NR,1957,2 hr 26 min,"8.3(7,724)"
946,947,The Legend of Bhagat Singh,NR,2002,2 hr 35 min,"8.1(17,518)"
947,948,Sherlock Holmes and Dr. Watson,1979,2 hr 15 min,"8.5(4,317)",
948,949,Coraline,PG,2009,1 hr 41 min,"7.8(297,596)"
949,950,A Woman Under the Influence,R,1974,2 hr 35 min,"8.0(31,141)"
950,951,Pithamagan,NR,2003,2 hr 17 min,"8.3(7,677)"
951,952,Exit Through the Gift Shop,R,2010,1 hr 27 min,"7.9(70,648)"
952,953,Hidden Figures,2016,2 hr 7 min,,
953,954,Hidden Figures,PG,2017,2 hr 7 min,"7.8(285,729)"
954,955,Daniel Sloss: Live Shows,TV-MA,2018,"8.5(4,288)",
955,956,Little Women,PG,2019,2 hr 14 min,"7.8(283,447)"
956,957,Walk the Line,PG-13,2005,2 hr 15 min,"7.8(279,067)"
957,958,Faust,NR,1926,1 hr 46 min,"8.1(17,097)"
958,959,Synthwave Horror: Faust,NR,1926,1 hr 47 min,"8.1(17,097)"
959,960,Misery,R,1990,1 hr 47 min,"7.8(260,167)"
960,961,The Wild Pear Tree,2019,3 hr 8 min,"8.0(29,832)",86
961,962,The Artist,PG-13,2011,1 hr 40 min,"7.8(254,736)"
962,963,Still: A Michael J. Fox Movie,R,2023,1 hr 35 min,"8.1(16,747)"
963,964,"4 Months, 3 Weeks and 2 Days",NR,2007,1 hr 53 min,"7.9(65,349)"
964,965,Remember the Titans,PG,2000,1 hr 53 min,"7.8(246,651)"
965,966,Captain Fantastic,R,2016,1 hr 58 min,"7.8(246,036)"
966,967,Jab We Met,NR,2007,2 hr 22 min,"7.9(64,602)"
967,968,Jyaare Ame Maliya,NR,2019,137 hr,"7.9(64,602)"
968,969,Jodorowsky's Dune,PG-13,2014,1 hr 30 min,"8.0(29,204)"
969,970,Willy Wonka & the Chocolate Factory,G,1971,1 hr 36 min,"7.8(243,676)"
970,971,Kung Fury,TV-14,2015,31 min,"7.9(64,154)"
971,972,Let the Right One In,R,2008,1 hr 54 min,"7.8(237,229)"
972,973,Battleship Potemkin,NR,1925,1 hr 15 min,"7.9(63,373)"
973,974,Straight Outta Compton,R,2015,2 hr 30 min,"7.8(232,617)"
974,975,The Girl with the Dragon Tattoo,R,2009,2 hr 32 min,"7.8(227,905)"
975,976,Togo,PG,2019,"7.9(61,610)",69
976,977,Nine Queens,R,2000,1 hr 54 min,"7.9(61,474)"
977,978,Brazil,R,1985,"7.8(222,497)",84
978,979,Stalag 17,Approved,1953,2 hr,"7.9(61,054)"
979,980,3-Iron,R,2004,1 hr 28 min,"7.9(61,043)"
980,981,The Temptations,TV-PG,1998,4 hr,"8.4(5,387)"
981,982,Miracle on 34th Street,Approved,1947,1 hr 36 min,"7.9(60,899)"
982,983,Puss in Boots: The Last Wish,PG,2022,1 hr 40 min,"7.8(218,530)"
983,984,The Man from Earth,NR,2007,1 hr 29 min,"7.8(214,697)"
984,985,Harvey,Approved,1950,1 hr 44 min,"7.9(60,260)"
985,986,Winter Light,NR,1962,1 hr 21 min,"8.0(27,834)"
986,987,Isle of Dogs,PG-13,2018,1 hr 41 min,"7.8(210,613)"
987,988,A Matter Of Life and Death,PG,1947,1 hr 44 min,"8.0(27,668)"
988,989,Stairway to Heaven,PG,1946,1 hr 44 min,"8.0(27,668)"
989,990,Airlift,NR,2016,2 hr 5 min,"7.9(59,531)"
990,991,Bommarillu,2006,2 hr 50 min,"8.2(10,304)",
991,992,Viridiana,NR,1961,1 hr 30 min,"8.0(27,389)"
992,993,Head-On (Geigen die Wand),R,1 hr 57 min,"7.9(58,627)",78
993,994,Head-On,R,2004,2 hr 1 min,"7.9(58,627)"
994,995,RRR,TV-MA,2022,3 hr 2 min,"7.8(201,689)"
995,996,The Adventures of Robin Hood,PG,1938,1 hr 42 min,"7.9(58,173)"
996,997,About Elly,TV-PG,2009,1 hr 59 min,"7.9(58,135)"
997,998,Silenced,NR,2011,2 hr 5 min,"8.0(27,014)"
998,999,Mary Poppins,G,1964,2 hr 19 min,"7.8(197,040)"
999,1000,Mary Poppins (Plus Bonus Content),G,1965,2 hr 19 min,"7.8(197,040)"
